<?xml version="1.0" encoding="utf-8" ?>
<dwsync>
<file name="master.css.mno" server="//wdciis02p/member/" local="127746442110000000" remote="127746442110000000" />
<file name="style.css.mno" server="//wdciis02p/member/" local="127746421970000000" remote="127746421970000000" />
<file name="menuItems.js.mno" server="//wdciis02p/member/" local="129017558630000000" remote="129017558630000000" />
<file name="footer.html.mno" server="//wdciis02p/member/" local="127579806260000000" remote="127579806260000000" />
<file name="bullet.gif.mno" server="//Wdciis16d/webNew/network/Affiliation_Application/" local="129029427922249788" remote="129029427920000000" />
<file name="master.css.mno" server="//Wdciis16d/webNew/network/Affiliation_Application/" local="129029427919124808" remote="129029427910000000" />
<file name="navInfo.asp.mno" server="//Wdciis16d/webNew/network/Affiliation_Application/" local="129029427923968527" remote="129029427920000000" />
<file name="menuItems.js.mno" server="//Wdciis16d/webNew/network/Affiliation_Application/" local="129029427924281025" remote="129029427920000000" />
<file name="script.js.mno" server="//Wdciis16d/webNew/network/Affiliation_Application/" local="129029427924906021" remote="129029427920000000" />
<file name="utilityNav.asp.mno" server="//Wdciis16d/webNew/network/Affiliation_Application/" local="129029427926937258" remote="129029427920000000" />
<file name="footer.html.mno" server="//Wdciis16d/webNew/network/Affiliation_Application/" local="129029427934593459" remote="129029427930000000" />
</dwsync>