<?xml version="1.0" encoding="utf-8" ?>
<dwsync>
<file name="bullet.gif" server="//wdciis02p/member/" local="128376357140000000" remote="128376357140000000" />
<file name="Conn4NRCPROD02MEMBERS.inc" server="//wdciis02p/member/" local="127594481540000000" remote="127594481540000000" />
<file name="adovbs.inc" server="//wdciis02p/member/" local="127030379280000000" remote="127030379280000000" />
<file name="master.css" server="//wdciis02p/member/" local="128690021630000000" remote="128690021630000000" />
<file name="navInfo.asp" server="//wdciis02p/member/" local="127522621800000000" remote="127522621800000000" />
<file name="menuItems.js" server="//wdciis02p/member/" local="129017558610000000" remote="129017558610000000" />
<file name="script.js" server="//wdciis02p/member/" local="128460167370000000" remote="128460167370000000" />
<file name="utilityNav.asp" server="//wdciis02p/member/" local="128963083690000000" remote="128963083690000000" />
<file name="footer.html" server="//wdciis02p/member/" local="127579806260000000" remote="127579806260000000" />
<file name="bullet.gif" server="//Wdciis16d/webNew/network/Affiliation_Application/" local="128376357141878080" remote="128376357140000000" />
<file name="master.css" server="//Wdciis16d/webNew/network/Affiliation_Application/" local="128690021636240111" remote="128690021630000000" />
<file name="navInfo.asp" server="//Wdciis16d/webNew/network/Affiliation_Application/" local="127522621800000000" remote="127522621800000000" />
<file name="menuItems.js" server="//Wdciis16d/webNew/network/Affiliation_Application/" local="129017558613741903" remote="129017558610000000" />
<file name="script.js" server="//Wdciis16d/webNew/network/Affiliation_Application/" local="128460167372804291" remote="128460167370000000" />
<file name="utilityNav.asp" server="//Wdciis16d/webNew/network/Affiliation_Application/" local="128963083696868555" remote="128963083690000000" />
<file name="footer.html" server="//Wdciis16d/webNew/network/Affiliation_Application/" local="127579806260396955" remote="127579806260000000" />
<file name="TeamStyle.css" server="//wdciis02p/member/" local="127547729870000000" remote="127547729870000000" />
<file name="trcScripts.js" server="//wdciis02p/member/" local="127476213040000000" remote="127476213040000000" />
<file name="calendar.js" server="//wdciis02p/member/" local="127521320010000000" remote="127521320010000000" />
<file name="CalendarPopup.js" server="//wdciis02p/member/" local="127549562040000000" remote="127549562040000000" />
<file name="AnchorPosition.js" server="//wdciis02p/member/" local="127549442540000000" remote="127549442540000000" />
<file name="PopupWindow.js" server="//wdciis02p/member/" local="127549442670000000" remote="127549442670000000" />
<file name="marketing.css" server="//wdciis02p/member/" local="128364259520000000" remote="128364259520000000" />
<file name="crumb.js" server="//wdciis02p/member/" local="128358972010000000" remote="128358972010000000" />
<file name="Calendar1.js" server="//wdciis02p/member/" local="127505433220000000" remote="127505433220000000" />
<file name="calendarHdr.asp" server="//wdciis02p/member/" local="127621265300000000" remote="127621265300000000" />
<file name="calendarHdr_level2.asp" server="//wdciis02p/member/" local="127621265300000000" remote="127621265300000000" />
<file name="Conn4MWESQLDEVMEMBERS.inc" server="//wdciis02p/member/" local="127524289280000000" remote="127524289280000000" />
<file name="ConnMWESQLDEV.inc" server="//wdciis02p/member/" local="127475301680000000" remote="127475301680000000" />
<file name="ConnNRCPROD02.inc" server="//wdciis02p/member/" local="127481337110000000" remote="127481337110000000" />
<file name="ConnSQLSERVERCDB.inc" server="//wdciis02p/member/" local="127475302700000000" remote="127475302700000000" />
<file name="ConnSQLWEBNWISDB.inc" server="//wdciis02p/member/" local="127486551210000000" remote="127486551210000000" />
<file name="Copy of menuItems.js" server="//wdciis02p/member/" local="128316575760000000" remote="128316575760000000" />
<file name="date.js" server="//wdciis02p/member/" local="127549442600000000" remote="127549442600000000" />
<file name="helpmenuitems.js" server="//wdciis02p/member/" local="127590871310000000" remote="127590871310000000" />
<file name="index.html" server="//wdciis02p/member/" local="127549420740000000" remote="127549420740000000" />
<file name="memberHeader.inc" server="//wdciis02p/member/" local="127752532710000000" remote="127752532710000000" />
<file name="NFS.css" server="//wdciis02p/member/" local="127712679330000000" remote="127712679330000000" />
<file name="print.asp" server="//wdciis02p/member/" local="127565183010000000" remote="127565183010000000" />
<file name="report.css" server="//wdciis02p/member/" local="127718065840000000" remote="127718065840000000" />
<file name="Shortcut to menuItems.lnk" server="//wdciis02p/member/" local="127565874240000000" remote="127565874240000000" />
<file name="style.css" server="//wdciis02p/member/" local="128690021200000000" remote="128690021200000000" />
<file name="utilityNav.html" server="//wdciis02p/member/" local="127585837960000000" remote="127585837960000000" />
<file name="utilityNav_09012009.asp" server="//wdciis02p/member/" local="128963097050000000" remote="128963097050000000" />
</dwsync>