<publishData>
  <publishTarget publishUrl="C:\toDEL\comp\ee\">
    <file relUrl="member/Search/images/navVertDots.gif" publishTime="02/07/2005 03:42:00" />
    <file relUrl="member/includes/menuItems.js" publishTime="11/03/2009 16:04:21" />
    <file relUrl="member/Search/images/hdr_career.gif" publishTime="11/04/2004 12:19:52" />
    <file relUrl="member/bin/DllBackup/1-6-2010/NWOFactSheets.dll" publishTime="09/27/2006 08:57:01" />
    <file relUrl="member/Search/Global.asax.vb" publishTime="09/16/2005 11:50:33" />
    <file relUrl="member/includes/utilityNav.asp" publishTime="09/01/2009 15:52:49" />
    <file relUrl="member/Search/Search_bk/AdvancedSearch.aspx.vb" publishTime="01/07/2006 21:32:09" />
    <file relUrl="member/Search/images/bg_gray.gif" publishTime="02/12/2005 12:38:00" />
    <file relUrl="member/Search/images/btn_delete.gif" publishTime="02/10/2005 06:22:00" />
    <file relUrl="member/Search/images/logo_nw.gif" publishTime="02/12/2005 12:38:00" />
    <file relUrl="member/includes/ConnMWESQLDEV.inc" publishTime="12/14/2004 15:36:08" />
    <file relUrl="member/Search/Report_bk/10282005BeforeDBChange/NWOReport_View.aspx.vb" publishTime="09/20/2005 09:11:29" />
    <file relUrl="member/Search/images/dots_horz.gif" publishTime="02/07/2005 03:42:00" />
    <file relUrl="member/Search/includes/Header.ascx.vb" publishTime="09/16/2005 15:21:38" />
    <file relUrl="member/bin/DllBackup/1-7-2006/OrganizationDB.dll" publishTime="01/07/2006 21:32:13" />
    <file relUrl="member/Search/includes/Footer.ascx" publishTime="09/19/2005 13:21:28" />
    <file relUrl="member/Search/Report_bk/10282005BeforeDBChange/NWOReport_View.aspx" publishTime="09/29/2005 10:58:02" />
    <file relUrl="member/Search/includes/CalendarPopup.js" publishTime="07/20/2005 08:35:39" />
    <file relUrl="member/Search/images/bg_woodcut_blue.jpg" publishTime="08/30/2005 09:34:00" />
    <file relUrl="member/includes/calendarHdr.asp" publishTime="06/01/2005 15:08:50" />
    <file relUrl="member/Search/images/nww2005ad.gif" publishTime="04/14/2005 12:12:16" />
    <file relUrl="member/Search/Search/BackUp/SearchDB.pdb" publishTime="09/27/2005 11:11:29" />
    <file relUrl="member/Search/images/btn_admin.jpg" publishTime="07/20/2005 08:35:38" />
    <file relUrl="member/Search/includes/tab2.ascx.vb" publishTime="07/20/2005 08:35:40" />
    <file relUrl="member/Search/UC/TEAM_Online_Header.ascx.vb" publishTime="09/09/2005 12:26:50" />
    <file relUrl="member/Search/images/FactsheetHome.jpg" publishTime="07/20/2005 08:35:39" />
    <file relUrl="member/Search/includes/report.css" publishTime="01/07/2006 22:23:18" />
    <file relUrl="member/Search/images/drk_grey_box_hm.gif" publishTime="07/20/2005 08:35:39" />
    <file relUrl="member/Search/Search_bk/bin/Search.pdb" publishTime="07/26/2005 15:41:21" />
    <file relUrl="member/includes/ConnNRCPROD02.inc" publishTime="12/21/2004 15:15:11" />
    <file relUrl="member/bin/DllBackup/1-7-2006/NWOFactSheets.dll" publishTime="01/07/2006 21:32:26" />
    <file relUrl="member/Search/AssemblyInfo.vb" publishTime="09/16/2005 11:13:10" />
    <file relUrl="member/Search/images/btn_reset.gif" publishTime="02/10/2005 06:22:00" />
    <file relUrl="member/Search/images/utilityNav_search.gif" publishTime="02/07/2005 03:42:00" />
    <file relUrl="member/Search/includes/NWOTabs.ascx" publishTime="07/20/2005 08:35:39" />
    <file relUrl="member/Search/Report_bk/NWOReport_Print.aspx" publishTime="07/20/2005 08:35:40" />
    <file relUrl="member/Search/includes/AuditTrailUserControl.ascx.vb" publishTime="07/20/2005 08:35:39" />
    <file relUrl="member/Search/UC/TEAM_Online_Footer.ascx.vb" publishTime="09/09/2005 12:26:50" />
    <file relUrl="member/Search/Search_bk/Backup/010606/AdvancedSearch.aspx" publishTime="01/06/2006 09:15:39" />
    <file relUrl="member/Search/Search_bk/Global.asax.vb" publishTime="07/26/2005 15:39:55" />
    <file relUrl="member/Search/includes/calendar.js" publishTime="07/20/2005 08:35:39" />
    <file relUrl="member/Search/images/link_printerFriendly.gif" publishTime="02/07/2005 03:42:00" />
    <file relUrl="member/includes/NFS.css" publishTime="09/15/2005 10:25:33" />
    <file relUrl="member/Search/bin/010706/NWOFactSheets.pdb" publishTime="01/11/2008 14:54:52" />
    <file relUrl="member/includes/script.js" publishTime="01/28/2008 12:58:57" />
    <file relUrl="member/Search/images/btn_home.jpg" publishTime="07/20/2005 08:35:38" />
    <file relUrl="member/Search/images/bullet_navON.gif" publishTime="02/07/2005 03:42:00" />
    <file relUrl="member/Search/images/bg_teal_light.gif" publishTime="02/07/2005 03:42:00" />
    <file relUrl="member/Search/images/bg_teal.gif" publishTime="02/07/2005 03:42:00" />
    <file relUrl="member/Search/UC/Address.ascx.vb" publishTime="09/09/2005 12:26:50" />
    <file relUrl="member/Search/images/4lines.gif" publishTime="02/07/2005 03:42:00" />
    <file relUrl="member/Search/Search/BackUp/OrganizationDB.pdb" publishTime="09/27/2005 11:11:26" />
    <file relUrl="member/Search/UC/Footer.ascx" publishTime="09/27/2005 10:26:21" />
    <file relUrl="member/Search/Report_bk/10282005BeforeDBChange/NWOReport.ascx" publishTime="09/27/2005 10:22:16" />
    <file relUrl="member/includes/report.css" publishTime="09/21/2005 16:03:04" />
    <file relUrl="member/Search/images/nw_logo.jpg" publishTime="07/20/2005 08:35:39" />
    <file relUrl="member/Search/images/btn_copy.gif" publishTime="02/10/2005 06:22:00" />
    <file relUrl="member/includes/PopupWindow.js" publishTime="03/10/2005 11:04:27" />
    <file relUrl="member/Search/Search/AdvancedSearch.aspx" publishTime="03/01/2010 11:34:27" />
    <file relUrl="member/Search/images/navBoxLL.gif" publishTime="02/07/2005 03:42:00" />
    <file relUrl="member/Search/images/family.jpg" publishTime="07/20/2005 08:35:39" />
    <file relUrl="member/Search/images/nw_logo.gif" publishTime="07/20/2005 08:35:39" />
    <file relUrl="member/Search/includes/Header.ascx" publishTime="09/19/2005 13:24:00" />
    <file relUrl="member/Search/bin/010706/NWOFactSheets.dll" publishTime="01/11/2008 14:54:52" />
    <file relUrl="member/Search/Search_bk/Search.aspx" publishTime="01/05/2006 16:20:41" />
    <file relUrl="member/Search/includes/header.inc" publishTime="07/20/2005 08:35:39" />
    <file relUrl="member/Search/Report/NWOReport_View.aspx" publishTime="03/01/2010 11:20:22" />
    <file relUrl="member/includes/CalendarPopup.js" publishTime="03/10/2005 14:23:24" />
    <file relUrl="member/Search/includes/NFS.css" publishTime="03/01/2010 11:19:37" />
    <file relUrl="member/Search/images/btn_nw.jpg" publishTime="07/20/2005 08:35:39" />
    <file relUrl="member/Search/images/home.jpg" publishTime="07/20/2005 08:35:39" />
    <file relUrl="member/Search/images/nstepLogo.jpg" publishTime="02/07/2005 08:42:00" />
    <file relUrl="bin/MemberSite.pdb" publishTime="03/01/2010 12:58:08" />
    <file relUrl="member/Search/images/btn_save.gif" publishTime="02/10/2005 06:22:00" />
    <file relUrl="member/Search/images/bullet_flyoutON.gif" publishTime="02/07/2005 03:42:00" />
    <file relUrl="member/bin/DllBackup/1-6-2010/NWOFactSheets.pdb" publishTime="01/07/2006 21:32:25" />
    <file relUrl="bin/OrganizationDB.dll" publishTime="01/11/2008 14:54:50" />
    <file relUrl="member/includes/crumb.js" publishTime="10/03/2007 11:00:01" />
    <file relUrl="member/Search/Search/BackUp/Header.ascx" publishTime="09/28/2005 22:14:27" />
    <file relUrl="member/Search/images/utilityNav_logout.gif" publishTime="02/07/2005 03:42:00" />
    <file relUrl="member/Search/UC/Header.ascx" publishTime="03/01/2010 11:22:22" />
    <file relUrl="member/Search/Search_bk/SearchNew.aspx.vb" publishTime="08/01/2005 08:31:37" />
    <file relUrl="member/Search/images/bg_woodcut_purple.jpg" publishTime="08/30/2005 09:34:00" />
    <file relUrl="member/Search/Report/NWOReport.ascx" publishTime="03/01/2010 11:14:59" />
    <file relUrl="member/Search/bin/010706/OrganizationDB.dll" publishTime="01/11/2008 14:54:50" />
    <file relUrl="member/bin/DllBackup/1-7-2006/NWOFactSheets.pdb" publishTime="01/07/2006 21:32:25" />
    <file relUrl="member/Search/images/header.jpg" publishTime="02/07/2005 03:42:00" />
    <file relUrl="member/Search/Report/Web.config" publishTime="01/11/2008 11:46:57" />
    <file relUrl="member/Search/Report_bk/NWOReport.ascx" publishTime="09/27/2006 08:52:46" />
    <file relUrl="member/includes/utilityNav_09012009.asp" publishTime="09/01/2009 16:15:05" />
    <file relUrl="member/Search/includes/leftMenu.inc" publishTime="07/20/2005 09:05:53" />
    <file relUrl="member/Search/images/submit.jpg" publishTime="07/20/2005 08:35:39" />
    <file relUrl="member/Search/Report_bk/10282005BeforeDBChange/Web.config" publishTime="07/20/2005 08:35:40" />
    <file relUrl="member/Search/Web.config" publishTime="01/11/2008 11:47:55" />
    <file relUrl="member/Search/images/btn_edit.gif" publishTime="02/10/2005 06:22:00" />
    <file relUrl="member/Search/images/heading_thisWeek.gif" publishTime="02/07/2005 03:42:00" />
    <file relUrl="member/includes/style.css" publishTime="10/20/2008 14:48:40" />
    <file relUrl="member/Search/includes/incFooter.ascx" publishTime="07/20/2005 08:35:39" />
    <file relUrl="member/Search/includes/incFooter.ascx.vb" publishTime="07/20/2005 08:35:39" />
    <file relUrl="member/Search/includes/index.html" publishTime="03/10/2005 10:27:54" />
    <file relUrl="member/Search/Search_bk/bin/Search.dll" publishTime="07/26/2005 15:41:21" />
    <file relUrl="member/Search/Report/NWOReport_View.aspx.vb" publishTime="09/20/2005 09:11:29" />
    <file relUrl="member/includes/utilityNav.html" publishTime="04/21/2005 15:03:16" />
    <file relUrl="member/Search/images/bg_woodcut_orange.jpg" publishTime="08/30/2005 09:34:00" />
    <file relUrl="member/Search/images/main_filler.gif" publishTime="07/20/2005 08:35:39" />
    <file relUrl="member/Search/UC/TEAM_Online_Footer.ascx" publishTime="09/19/2005 11:49:49" />
    <file relUrl="member/Search/Search/BackUp/NWOFactSheets.dll" publishTime="09/27/2005 11:22:02" />
    <file relUrl="member/Search/images/hdr_login.gif" publishTime="07/20/2005 08:35:39" />
    <file relUrl="bin/OrganizationDB.pdb" publishTime="01/11/2008 14:54:50" />
    <file relUrl="member/Search/Report_bk/Web.config" publishTime="07/20/2005 08:35:40" />
    <file relUrl="member/Search/includes/leftbar.ascx.vb" publishTime="07/20/2005 08:35:39" />
    <file relUrl="member/Search/Report_bk/10282005BeforeDBChange/NWOReport_Print.aspx" publishTime="07/20/2005 08:35:40" />
    <file relUrl="member/Search/images/logo.gif" publishTime="08/30/2005 09:34:00" />
    <file relUrl="member/Search/images/hp_photo.jpg" publishTime="02/07/2005 03:42:00" />
    <file relUrl="member/Search/includes/date.js" publishTime="07/20/2005 08:35:39" />
    <file relUrl="member/Search/images/btn_nw.gif" publishTime="07/20/2005 08:35:38" />
    <file relUrl="member/Search/includes/AuditTrailUserControl.ascx" publishTime="07/20/2005 08:35:39" />
    <file relUrl="member/Search/images/btn_home.gif" publishTime="07/20/2005 08:35:38" />
    <file relUrl="member/Search/images/utilityNav_sitemap.gif" publishTime="02/07/2005 03:42:00" />
    <file relUrl="member/Search/images/utilityNav_sitemapON.gif" publishTime="02/07/2005 03:42:00" />
    <file relUrl="member/Search/includes/incLeftmenu.ascx" publishTime="07/20/2005 08:35:39" />
    <file relUrl="member/Search/images/bullet_flyout.gif" publishTime="02/07/2005 03:42:00" />
    <file relUrl="member/Search/Search_bk/Global.asax" publishTime="07/26/2005 15:39:55" />
    <file relUrl="member/Search/images/btn_post.gif" publishTime="02/10/2005 06:22:00" />
    <file relUrl="includes/master.css" publishTime="03/01/2010 11:35:17" />
    <file relUrl="member/Search/images/hdr_NWOFS.gif" publishTime="07/20/2005 08:35:39" />
    <file relUrl="member/Search/images/hdr_lookup.jpg" publishTime="07/20/2005 08:35:39" />
    <file relUrl="member/Search/images/btn_admin.gif" publishTime="07/20/2005 08:35:38" />
    <file relUrl="member/Search/images/navBoxLR.gif" publishTime="02/07/2005 03:42:00" />
    <file relUrl="member/Search/Search_bk/Backup/Search.aspx" publishTime="10/28/2005 12:14:17" />
    <file relUrl="member/Search/images/txt_otherResources.gif" publishTime="02/07/2005 03:42:00" />
    <file relUrl="member/Search/images/back_arrow.gif" publishTime="03/29/2005 14:38:58" />
    <file relUrl="member/Search/includes/incHeader.ascx.vb" publishTime="07/20/2005 08:35:39" />
    <file relUrl="member/Search/Report_bk/NWOReport.ascx.vb" publishTime="09/27/2006 08:56:54" />
    <file relUrl="member/Search/images/spacer.gif" publishTime="02/07/2005 03:42:00" />
    <file relUrl="member/Search/images/log_password.gif" publishTime="07/20/2005 08:35:39" />
    <file relUrl="member/Search/Search/BackUp/OrganizationDB.dll" publishTime="09/27/2005 11:11:26" />
    <file relUrl="Web.config" publishTime="03/01/2010 09:16:39" />
    <file relUrl="member/Search/bin/010706/OrganizationDB.pdb" publishTime="01/11/2008 14:54:50" />
    <file relUrl="member/bin/DllBackup/1-6-2010/OrganizationDB.dll" publishTime="05/04/2006 12:39:00" />
    <file relUrl="member/Search/UC/TemplateBottom.ascx" publishTime="09/09/2005 12:26:50" />
    <file relUrl="member/Search/Search_bk/AssemblyInfo.vb" publishTime="07/26/2005 15:39:56" />
    <file relUrl="member/Search/images/dots_vert.gif" publishTime="02/07/2005 03:42:00" />
    <file relUrl="member/Search/Search_bk/SearchNew.aspx" publishTime="08/30/2005 15:13:19" />
    <file relUrl="member/Search/Report/NWOReport_Print.aspx" publishTime="01/07/2006 22:15:23" />
    <file relUrl="member/Search/images/log_bottom.gif" publishTime="07/20/2005 08:35:39" />
    <file relUrl="member/Search/UC/TEAM_Online_Left_Menu.ascx.vb" publishTime="09/09/2005 12:26:50" />
    <file relUrl="member/includes/calendarHdr_level2.asp" publishTime="06/01/2005 15:08:50" />
    <file relUrl="member/Search/images/vertLine.gif" publishTime="02/07/2005 03:42:00" />
    <file relUrl="member/includes/print.asp" publishTime="03/28/2005 17:18:21" />
    <file relUrl="bin/NWOFactSheets.dll" publishTime="01/11/2008 14:54:52" />
    <file relUrl="member/Search/includes/tab2.ascx" publishTime="07/20/2005 08:35:40" />
    <file relUrl="member/Search/Report_bk/NWOReport_View.aspx" publishTime="10/26/2005 13:03:33" />
    <file relUrl="member/Search/includes/memberHeader.inc" publishTime="01/05/2006 15:59:23" />
    <file relUrl="member/Search/images/logo.jpg" publishTime="03/25/2005 12:11:14" />
    <file relUrl="member/Search/images/bg.gif" publishTime="07/20/2005 08:35:38" />
    <file relUrl="member/Search/includes/trcScripts.js" publishTime="07/20/2005 08:35:40" />
    <file relUrl="member/Search/Search/BackUp/NWOReport.ascx" publishTime="09/20/2005 09:40:19" />
    <file relUrl="member/Search/includes/incHeader.ascx" publishTime="07/20/2005 08:35:39" />
    <file relUrl="member/bin/OrganizationDB.dll" publishTime="01/11/2008 14:54:50" />
    <file relUrl="member/Search/images/utilityNav_jobs.gif" publishTime="02/07/2005 03:42:00" />
    <file relUrl="member/Search/includes/footer.inc" publishTime="07/20/2005 08:35:39" />
    <file relUrl="member/Search/Search/BackUp/NWOFactSheets.pdb" publishTime="09/27/2005 11:22:02" />
    <file relUrl="member/Search/Report/NWOReport_Print.aspx.vb" publishTime="07/20/2005 08:35:40" />
    <file relUrl="member/bin/NWOFactSheets.pdb" publishTime="01/07/2006 21:32:25" />
    <file relUrl="member/Search/images/log_username.gif" publishTime="07/20/2005 08:35:39" />
    <file relUrl="member/Search/includes/utilityNav.html" publishTime="04/21/2005 15:03:16" />
    <file relUrl="member/Search/Search_bk/Backup/Search.aspx.vb" publishTime="07/20/2005 10:17:40" />
    <file relUrl="member/Search/Search/BackUp/AdvancedSearch.aspx" publishTime="09/29/2005 08:30:54" />
    <file relUrl="member/Search/images/btn_search.gif" publishTime="07/20/2005 08:35:39" />
    <file relUrl="member/Search/images/tag_top.gif" publishTime="07/20/2005 08:35:39" />
    <file relUrl="member/includes/adovbs.inc" publishTime="07/18/2003 17:38:48" />
    <file relUrl="member/Search/images/login_bg.gif" publishTime="07/20/2005 08:35:39" />
    <file relUrl="member/Search/UC/TemplateBottom.ascx.vb" publishTime="09/09/2005 12:26:50" />
    <file relUrl="member/Search/images/bullet_arrows.gif" publishTime="02/07/2005 03:42:00" />
    <file relUrl="member/includes/AnchorPosition.js" publishTime="03/10/2005 11:04:14" />
    <file relUrl="member/Search/images/utilityNav_logoutON.gif" publishTime="02/07/2005 03:42:00" />
    <file relUrl="member/Search/UC/TEAM_Online_Left_Menu.ascx" publishTime="09/09/2005 12:26:50" />
    <file relUrl="member/includes/trcScripts.js" publishTime="12/15/2004 16:55:04" />
    <file relUrl="member/Search/Report_bk/NWOReport_Print.aspx.vb" publishTime="07/20/2005 08:35:40" />
    <file relUrl="member/Search/images/bullet_nav.gif" publishTime="02/07/2005 03:42:00" />
    <file relUrl="member/Search/includes/NWOTabs.ascx.vb" publishTime="07/20/2005 08:35:40" />
    <file relUrl="member/Search/includes/Footer.ascx.vb" publishTime="09/16/2005 12:23:05" />
    <file relUrl="member/includes/navInfo.asp" publishTime="02/07/2005 10:03:00" />
    <file relUrl="member/includes/Conn4MWESQLDEVMEMBERS.inc" publishTime="02/09/2005 08:22:08" />
    <file relUrl="member/Search/images/btn_about.gif" publishTime="07/20/2005 08:35:38" />
    <file relUrl="member/Search/images/bg_woodcut_green.jpg" publishTime="08/30/2005 09:34:00" />
    <file relUrl="member/bin/DllBackup/1-6-2010/OrganizationDB.pdb" publishTime="01/07/2006 21:32:12" />
    <file relUrl="member/Search/Report/NWOReport.ascx.vb" publishTime="07/20/2005 08:35:40" />
    <file relUrl="member/Search/UC/TemplateTop.ascx" publishTime="09/09/2005 12:26:50" />
    <file relUrl="member/Search/images/tag_bottom.gif" publishTime="07/20/2005 08:35:39" />
    <file relUrl="member/Web.config" publishTime="11/16/2009 17:01:25" />
    <file relUrl="member/includes/ConnSQLWEBNWISDB.inc" publishTime="12/27/2004 16:05:21" />
    <file relUrl="member/includes/helpmenuitems.js" publishTime="04/27/2005 10:52:11" />
    <file relUrl="member/Search/UC/TemplateTop.ascx.vb" publishTime="09/09/2005 12:26:50" />
    <file relUrl="member/Search/images/utilityNav_jobsON.gif" publishTime="02/07/2005 03:42:00" />
    <file relUrl="member/includes/master.css" publishTime="03/01/2010 11:32:14" />
    <file relUrl="member/includes/Calendar1.js" publishTime="01/18/2005 12:35:22" />
    <file relUrl="member/Search/includes/tab_bill.ascx.vb" publishTime="07/20/2005 08:35:40" />
    <file relUrl="bin/MemberSite.dll" publishTime="03/01/2010 12:58:08" />
    <file relUrl="member/Search/images/utilityNav_searchON.gif" publishTime="02/07/2005 03:42:00" />
    <file relUrl="member/Search/bin/010706/AdvancedSearch.aspx" publishTime="01/06/2006 13:21:56" />
    <file relUrl="member/Search/Search/AdvancedSearch.aspx.vb" publishTime="09/19/2005 12:16:45" />
    <file relUrl="member/Search/images/btn_help.GIF" publishTime="07/20/2005 08:35:38" />
    <file relUrl="member/bin/OrganizationDB.pdb" publishTime="01/11/2008 14:54:50" />
    <file relUrl="member/Search/includes/PopupWindow.js" publishTime="07/20/2005 08:35:40" />
    <file relUrl="member/Search/images/calendar.gif" publishTime="12/15/2004 16:54:49" />
    <file relUrl="member/bin/NWOFactSheets.dll" publishTime="09/27/2006 08:57:01" />
    <file relUrl="member/Search/images/btn_search.jpg" publishTime="07/20/2005 08:35:39" />
    <file relUrl="member/Search/images/members_pic.gif" publishTime="04/15/2005 13:03:30" />
    <file relUrl="member/includes/TeamStyle.css" publishTime="03/08/2005 11:29:47" />
    <file relUrl="member/Search/Search_bk/Search.aspx.vb" publishTime="09/27/2005 10:50:15" />
    <file relUrl="member/Search/Styles.css" publishTime="09/16/2005 11:13:10" />
    <file relUrl="member/Search/includes/tab.ascx" publishTime="07/20/2005 08:35:40" />
    <file relUrl="member/Search/Search_bk/Styles.css" publishTime="07/26/2005 15:39:56" />
    <file relUrl="member/Search/Global.asax" publishTime="09/16/2005 11:13:09" />
    <file relUrl="member/Search/images/hdr_NWOFS.JPG" publishTime="07/20/2005 08:35:39" />
    <file relUrl="member/Search/Search/BackUp/AdvancedSearch.aspx.vb" publishTime="09/19/2005 12:16:45" />
    <file relUrl="member/Search/Report_bk/10282005BeforeDBChange/NWOReport_Print.aspx.vb" publishTime="07/20/2005 08:35:40" />
    <file relUrl="member/Search/images/bg_woodcut_red.jpg" publishTime="08/30/2005 09:34:00" />
    <file relUrl="member/Search/Search_bk/AdvancedSearch.aspx" publishTime="01/06/2006 13:21:56" />
    <file relUrl="member/Search/includes/incLeftmenu.ascx.vb" publishTime="07/20/2005 08:35:39" />
    <file relUrl="member/Search/Search_bk/Backup/AdvancedSearch.aspx" publishTime="09/29/2005 10:52:27" />
    <file relUrl="member/Search/images/miscA4.gif" publishTime="07/20/2005 08:35:39" />
    <file relUrl="member/Search/UC/Address.ascx" publishTime="09/09/2005 12:26:50" />
    <file relUrl="member/Search/includes/leftbar.ascx" publishTime="07/20/2005 09:30:00" />
    <file relUrl="member/Search/images/navBoxUR.gif" publishTime="02/07/2005 03:42:00" />
    <file relUrl="member/includes/index.html" publishTime="03/10/2005 10:27:54" />
    <file relUrl="bin/NWOFactSheets.pdb" publishTime="01/11/2008 14:54:52" />
    <file relUrl="member/includes/footer.html" publishTime="04/14/2005 15:30:26" />
    <file relUrl="member/Search/images/login.jpg" publishTime="07/20/2005 08:35:39" />
    <file relUrl="member/Search/Report_bk/10282005BeforeDBChange/NWOReport.ascx.vb" publishTime="07/20/2005 08:35:40" />
    <file relUrl="member/Search/includes/footer.html" publishTime="03/01/2010 10:32:04" />
    <file relUrl="member/includes/date.js" publishTime="03/10/2005 11:04:20" />
    <file relUrl="member/Search/includes/nwostyle.css" publishTime="07/20/2005 08:35:37" />
    <file relUrl="member/includes/ConnSQLSERVERCDB.inc" publishTime="12/14/2004 15:37:50" />
    <file relUrl="member/Search/images/home.gif" publishTime="07/20/2005 08:35:39" />
    <file relUrl="member/Search/Report_bk/NWOReport_View.aspx.vb" publishTime="07/20/2005 08:35:40" />
    <file relUrl="member/includes/calendar.js" publishTime="02/05/2005 21:53:21" />
    <file relUrl="member/Search/images/lookup_bg.gif" publishTime="07/20/2005 08:35:39" />
    <file relUrl="member/Search/Search/BackUp/SearchDB.dll" publishTime="09/27/2005 11:11:29" />
    <file relUrl="member/Search/includes/utilityNav.asp" publishTime="04/21/2005 15:44:14" />
    <file relUrl="member/Search/images/bullet.gif" publishTime="02/07/2005 03:42:00" />
    <file relUrl="member/includes/Copy of menuItems.js" publishTime="08/15/2007 09:19:36" />
    <file relUrl="member/Search/images/headerBar.gif" publishTime="02/07/2005 03:42:00" />
    <file relUrl="member/Search/includes/navInfo.asp" publishTime="02/07/2005 10:03:00" />
    <file relUrl="member/includes/bullet.gif" publishTime="10/23/2007 13:55:14" />
    <file relUrl="member/Search/includes/tab.ascx.vb" publishTime="07/20/2005 08:35:40" />
    <file relUrl="member/Search/includes/AnchorPosition.js" publishTime="07/20/2005 08:35:39" />
    <file relUrl="member/Search/images/calendar3.gif" publishTime="03/10/2005 14:04:12" />
    <file relUrl="member/Search/images/banner_membersUpdate.gif" publishTime="08/30/2005 09:59:00" />
    <file relUrl="member/Search/images/navHorzDots.gif" publishTime="02/07/2005 03:42:00" />
    <file relUrl="member/Search/images/btn_close.gif" publishTime="02/12/2005 12:39:00" />
    <file relUrl="member/Search/images/navBoxUL.gif" publishTime="02/07/2005 03:42:00" />
    <file relUrl="member/includes/memberHeader.inc" publishTime="03/01/2010 12:26:29" />
    <file relUrl="member/bin/DllBackup/1-7-2006/OrganizationDB.pdb" publishTime="01/07/2006 21:32:12" />
    <file relUrl="member/includes/marketing.css" publishTime="10/09/2007 13:52:32" />
    <file relUrl="member/Search/images/nchec.jpg" publishTime="02/07/2005 03:42:00" />
    <file relUrl="member/Search/includes/LeftMenu.ascx.vb" publishTime="09/16/2005 12:23:05" />
    <file relUrl="member/includes/Conn4NRCPROD02MEMBERS.inc" publishTime="05/01/2005 15:09:14" />
  </publishTarget>
  <publishTarget publishUrl="C:\toDEL\comp\dd\">
    <file relUrl="member/Search/images/navVertDots.gif" publishTime="02/07/2005 03:42:00" />
    <file relUrl="member/includes/menuItems.js" publishTime="11/03/2009 16:04:21" />
    <file relUrl="member/Search/images/hdr_career.gif" publishTime="11/04/2004 12:19:52" />
    <file relUrl="member/bin/DllBackup/1-6-2010/NWOFactSheets.dll" publishTime="09/27/2006 08:57:01" />
    <file relUrl="member/Search/images/bullet_flyout.gif" publishTime="02/07/2005 03:42:00" />
    <file relUrl="member/includes/utilityNav.asp" publishTime="09/01/2009 15:52:49" />
    <file relUrl="member/Search/Search_bk/AdvancedSearch.aspx.vb" publishTime="01/07/2006 21:32:09" />
    <file relUrl="member/Search/images/bg_gray.gif" publishTime="02/12/2005 12:38:00" />
    <file relUrl="member/Search/images/btn_delete.gif" publishTime="02/10/2005 06:22:00" />
    <file relUrl="member/Search/images/logo_nw.gif" publishTime="02/12/2005 12:38:00" />
    <file relUrl="member/includes/ConnMWESQLDEV.inc" publishTime="12/14/2004 15:36:08" />
    <file relUrl="member/Search/images/dots_horz.gif" publishTime="02/07/2005 03:42:00" />
    <file relUrl="member/Search/includes/Header.ascx.vb" publishTime="09/16/2005 15:21:38" />
    <file relUrl="member/bin/DllBackup/1-7-2006/OrganizationDB.dll" publishTime="01/07/2006 21:32:13" />
    <file relUrl="member/Search/includes/Footer.ascx" publishTime="09/19/2005 13:21:28" />
    <file relUrl="member/Search/includes/CalendarPopup.js" publishTime="07/20/2005 08:35:39" />
    <file relUrl="member/Search/images/bg_woodcut_blue.jpg" publishTime="08/30/2005 09:34:00" />
    <file relUrl="member/Search/images/btn_admin.jpg" publishTime="07/20/2005 08:35:38" />
    <file relUrl="member/includes/calendarHdr.asp" publishTime="06/01/2005 15:08:50" />
    <file relUrl="member/Search/images/nww2005ad.gif" publishTime="04/14/2005 12:12:16" />
    <file relUrl="member/reports/campaign/2.asp" publishTime="08/30/2005 14:21:10" />
    <file relUrl="member/includes/bullet.gif" publishTime="10/23/2007 13:55:14" />
    <file relUrl="member/Search/includes/report.css" publishTime="01/07/2006 22:23:18" />
    <file relUrl="member/Search/UC/TEAM_Online_Header.ascx.vb" publishTime="09/09/2005 12:26:50" />
    <file relUrl="member/Search/Search_bk/bin/Search.pdb" publishTime="07/26/2005 15:41:21" />
    <file relUrl="member/reports/surveys/HOP2007_XP_000.mdb" publishTime="03/06/2007 16:08:46" />
    <file relUrl="member/Search/images/drk_grey_box_hm.gif" publishTime="07/20/2005 08:35:39" />
    <file relUrl="member/reports/surveys/documents/hop2007_00.mdb" publishTime="02/14/2005 04:19:00" />
    <file relUrl="member/includes/ConnNRCPROD02.inc" publishTime="12/21/2004 15:15:11" />
    <file relUrl="member/bin/DllBackup/1-7-2006/NWOFactSheets.dll" publishTime="01/07/2006 21:32:26" />
    <file relUrl="member/Search/AssemblyInfo.vb" publishTime="09/16/2005 11:13:10" />
    <file relUrl="member/Search/images/btn_reset.gif" publishTime="02/10/2005 06:22:00" />
    <file relUrl="member/Search/images/utilityNav_search.gif" publishTime="02/07/2005 03:42:00" />
    <file relUrl="member/Search/includes/NWOTabs.ascx" publishTime="07/20/2005 08:35:39" />
    <file relUrl="member/reports/surveys/HOP2007_XP.mdb" publishTime="12/06/2006 12:41:41" />
    <file relUrl="member/Search/includes/AuditTrailUserControl.ascx.vb" publishTime="07/20/2005 08:35:39" />
    <file relUrl="member/reports/surveys/AS2006_001.mdb" publishTime="10/03/2006 16:39:44" />
    <file relUrl="bin/OrganizationDB.dll" publishTime="01/11/2008 14:54:50" />
    <file relUrl="member/Search/includes/calendar.js" publishTime="07/20/2005 08:35:39" />
    <file relUrl="member/Search/images/link_printerFriendly.gif" publishTime="02/07/2005 03:42:00" />
    <file relUrl="member/Search/images/back_arrow.gif" publishTime="03/29/2005 14:38:58" />
    <file relUrl="member/reports/surveys/AS2006EXPORT.mdb" publishTime="09/07/2006 14:02:34" />
    <file relUrl="member/Search/bin/010706/NWOFactSheets.pdb" publishTime="01/11/2008 14:54:52" />
    <file relUrl="member/includes/script.js" publishTime="01/28/2008 12:58:57" />
    <file relUrl="member/Search/images/btn_home.jpg" publishTime="07/20/2005 08:35:38" />
    <file relUrl="member/Search/images/bullet_navON.gif" publishTime="02/07/2005 03:42:00" />
    <file relUrl="member/Search/images/bg_teal.gif" publishTime="02/07/2005 03:42:00" />
    <file relUrl="member/Search/UC/TEAM_Online_Footer.ascx.vb" publishTime="09/09/2005 12:26:50" />
    <file relUrl="member/Search/images/header.jpg" publishTime="02/07/2005 03:42:00" />
    <file relUrl="member/Search/images/logo.jpg" publishTime="03/25/2005 12:11:14" />
    <file relUrl="member/Search/images/4lines.gif" publishTime="02/07/2005 03:42:00" />
    <file relUrl="member/Search/Search/BackUp/OrganizationDB.pdb" publishTime="09/27/2005 11:11:26" />
    <file relUrl="member/Search/UC/Footer.ascx" publishTime="09/27/2005 10:26:21" />
    <file relUrl="member/Search/Report_bk/10282005BeforeDBChange/NWOReport.ascx" publishTime="09/27/2005 10:22:16" />
    <file relUrl="member/Search/images/nw_logo.jpg" publishTime="07/20/2005 08:35:39" />
    <file relUrl="member/includes/NFS.css" publishTime="09/15/2005 10:25:33" />
    <file relUrl="member/Search/Report/NWOReport.ascx" publishTime="03/01/2010 11:14:59" />
    <file relUrl="member/Search/images/calendar3.gif" publishTime="03/10/2005 14:04:12" />
    <file relUrl="member/Search/images/navBoxLL.gif" publishTime="02/07/2005 03:42:00" />
    <file relUrl="member/reports/communication/default.asp" publishTime="03/13/2009 17:14:43" />
    <file relUrl="member/Search/Report_bk/10282005BeforeDBChange/NWOReport_Print.aspx" publishTime="07/20/2005 08:35:40" />
    <file relUrl="member/reports/surveys/HOP2007_XP_001.mdb" publishTime="03/27/2007 14:17:32" />
    <file relUrl="member/Search/bin/010706/NWOFactSheets.dll" publishTime="01/11/2008 14:54:52" />
    <file relUrl="member/Search/Search_bk/Search.aspx" publishTime="01/05/2006 16:20:41" />
    <file relUrl="member/reports/surveys/AS2004.mdb" publishTime="01/15/2008 11:17:52" />
    <file relUrl="member/Search/includes/header.inc" publishTime="07/20/2005 08:35:39" />
    <file relUrl="member/reports/surveys/AS2006EXPORT_000.mdb" publishTime="09/19/2006 11:53:45" />
    <file relUrl="member/Search/images/bg_teal_light.gif" publishTime="02/07/2005 03:42:00" />
    <file relUrl="member/includes/CalendarPopup.js" publishTime="03/10/2005 14:23:24" />
    <file relUrl="member/Search/includes/NFS.css" publishTime="03/01/2010 11:19:37" />
    <file relUrl="member/Search/images/btn_nw.jpg" publishTime="07/20/2005 08:35:39" />
    <file relUrl="member/reports/quarterly/_baks/default.htm" publishTime="04/13/2005 15:24:37" />
    <file relUrl="member/Search/images/nstepLogo.jpg" publishTime="02/07/2005 08:42:00" />
    <file relUrl="bin/MemberSite.pdb" publishTime="03/01/2010 12:40:38" />
    <file relUrl="member/Search/images/btn_save.gif" publishTime="02/10/2005 06:22:00" />
    <file relUrl="member/Search/images/bullet_flyoutON.gif" publishTime="02/07/2005 03:42:00" />
    <file relUrl="member/Search/includes/incLeftmenu.ascx.vb" publishTime="07/20/2005 08:35:39" />
    <file relUrl="member/bin/DllBackup/1-6-2010/NWOFactSheets.pdb" publishTime="01/07/2006 21:32:25" />
    <file relUrl="member/includes/crumb.js" publishTime="10/03/2007 11:00:01" />
    <file relUrl="member/Search/images/utilityNav_logout.gif" publishTime="02/07/2005 03:42:00" />
    <file relUrl="member/Search/Search/BackUp/SearchDB.dll" publishTime="09/27/2005 11:11:29" />
    <file relUrl="member/Search/images/bg_woodcut_red.jpg" publishTime="08/30/2005 09:34:00" />
    <file relUrl="member/includes/memberHeader.inc" publishTime="03/01/2010 12:26:29" />
    <file relUrl="member/Search/Search_bk/SearchNew.aspx.vb" publishTime="08/01/2005 08:31:37" />
    <file relUrl="member/Search/images/bg_woodcut_purple.jpg" publishTime="08/30/2005 09:34:00" />
    <file relUrl="member/reports/surveys/Production.mdb" publishTime="11/30/2007 09:42:16" />
    <file relUrl="member/includes/adovbs.inc" publishTime="07/18/2003 17:38:48" />
    <file relUrl="member/Search/bin/010706/OrganizationDB.dll" publishTime="01/11/2008 14:54:50" />
    <file relUrl="member/bin/DllBackup/1-7-2006/NWOFactSheets.pdb" publishTime="01/07/2006 21:32:25" />
    <file relUrl="member/bin/DllBackup/1-6-2010/OrganizationDB.dll" publishTime="05/04/2006 12:39:00" />
    <file relUrl="member/reports/campaign/documents/_baks/index.htm" publishTime="10/19/2007 11:37:31" />
    <file relUrl="member/Search/includes/NWOTabs.ascx.vb" publishTime="07/20/2005 08:35:40" />
    <file relUrl="member/Search/includes/utilityNav.asp" publishTime="04/21/2005 15:44:14" />
    <file relUrl="member/Search/includes/leftMenu.inc" publishTime="07/20/2005 09:05:53" />
    <file relUrl="member/reports/surveys/documents/AS2004.mdb" publishTime="02/14/2005 04:17:00" />
    <file relUrl="member/Search/images/submit.jpg" publishTime="07/20/2005 08:35:39" />
    <file relUrl="member/includes/Conn4NRCPROD02MEMBERS.inc" publishTime="05/01/2005 15:09:14" />
    <file relUrl="member/Search/Web.config" publishTime="01/11/2008 11:47:55" />
    <file relUrl="member/Search/images/btn_edit.gif" publishTime="02/10/2005 06:22:00" />
    <file relUrl="member/includes/report.css" publishTime="09/21/2005 16:03:04" />
    <file relUrl="member/includes/style.css" publishTime="10/20/2008 14:48:40" />
    <file relUrl="member/Search/includes/incFooter.ascx" publishTime="07/20/2005 08:35:39" />
    <file relUrl="member/reports/who.asp" publishTime="01/08/2009 16:57:33" />
    <file relUrl="member/Search/Search/AdvancedSearch.aspx.vb" publishTime="09/19/2005 12:16:45" />
    <file relUrl="bin/NWOFactSheets.pdb" publishTime="01/11/2008 14:54:52" />
    <file relUrl="member/Search/includes/index.html" publishTime="03/10/2005 10:27:54" />
    <file relUrl="member/reports/surveys/AS2006_000.mdb" publishTime="09/15/2006 14:08:59" />
    <file relUrl="member/Search/Report/NWOReport_View.aspx.vb" publishTime="09/20/2005 09:11:29" />
    <file relUrl="member/includes/utilityNav.html" publishTime="04/21/2005 15:03:16" />
    <file relUrl="member/includes/master.css" publishTime="03/01/2010 11:32:14" />
    <file relUrl="member/includes/PopupWindow.js" publishTime="03/10/2005 11:04:27" />
    <file relUrl="member/Search/images/bg_woodcut_orange.jpg" publishTime="08/30/2005 09:34:00" />
    <file relUrl="member/Search/images/main_filler.gif" publishTime="07/20/2005 08:35:39" />
    <file relUrl="member/Search/Report_bk/Web.config" publishTime="07/20/2005 08:35:40" />
    <file relUrl="member/reports/quarterly/default.asp" publishTime="12/11/2008 15:17:32" />
    <file relUrl="member/Search/Search/BackUp/NWOFactSheets.dll" publishTime="09/27/2005 11:22:02" />
    <file relUrl="member/Search/images/hdr_login.gif" publishTime="07/20/2005 08:35:39" />
    <file relUrl="member/reports/surveys/documents/AS2005.mdb" publishTime="10/05/2005 16:52:15" />
    <file relUrl="bin/OrganizationDB.pdb" publishTime="01/11/2008 14:54:50" />
    <file relUrl="member/Search/Global.asax.vb" publishTime="09/16/2005 11:50:33" />
    <file relUrl="member/Search/includes/leftbar.ascx.vb" publishTime="07/20/2005 08:35:39" />
    <file relUrl="member/reports/campaign/5.asp" publishTime="06/07/2005 15:05:36" />
    <file relUrl="member/reports/surveys/documents/AS2004_97.mdb" publishTime="02/14/2005 04:17:00" />
    <file relUrl="member/Search/images/hp_photo.jpg" publishTime="02/07/2005 03:42:00" />
    <file relUrl="member/Search/includes/date.js" publishTime="07/20/2005 08:35:39" />
    <file relUrl="member/Search/images/btn_nw.gif" publishTime="07/20/2005 08:35:38" />
    <file relUrl="member/Search/includes/AuditTrailUserControl.ascx" publishTime="07/20/2005 08:35:39" />
    <file relUrl="member/Search/includes/footer.inc" publishTime="07/20/2005 08:35:39" />
    <file relUrl="member/Search/images/utilityNav_sitemap.gif" publishTime="02/07/2005 03:42:00" />
    <file relUrl="member/Search/images/btn_home.gif" publishTime="07/20/2005 08:35:38" />
    <file relUrl="bin/MemberSite.dll" publishTime="03/01/2010 12:40:38" />
    <file relUrl="member/Search/images/utilityNav_sitemapON.gif" publishTime="02/07/2005 03:42:00" />
    <file relUrl="member/Search/includes/incLeftmenu.ascx" publishTime="07/20/2005 08:35:39" />
    <file relUrl="member/Search/Search_bk/Global.asax" publishTime="07/26/2005 15:39:55" />
    <file relUrl="member/Search/images/btn_post.gif" publishTime="02/10/2005 06:22:00" />
    <file relUrl="includes/master.css" publishTime="03/01/2010 11:35:17" />
    <file relUrl="member/Search/images/hdr_NWOFS.gif" publishTime="07/20/2005 08:35:39" />
    <file relUrl="member/Search/images/btn_admin.gif" publishTime="07/20/2005 08:35:38" />
    <file relUrl="member/Search/Search_bk/Global.asax.vb" publishTime="07/26/2005 15:39:55" />
    <file relUrl="member/Search/images/hdr_lookup.jpg" publishTime="07/20/2005 08:35:39" />
    <file relUrl="member/Search/images/btn_search.jpg" publishTime="07/20/2005 08:35:39" />
    <file relUrl="member/reports/_baks/index.htm" publishTime="05/04/2005 15:58:58" />
    <file relUrl="member/Search/images/bg_woodcut_green.jpg" publishTime="08/30/2005 09:34:00" />
    <file relUrl="member/Search/images/navBoxLR.gif" publishTime="02/07/2005 03:42:00" />
    <file relUrl="member/Search/Search_bk/Backup/Search.aspx" publishTime="10/28/2005 12:14:17" />
    <file relUrl="member/Search/Search_bk/Backup/010606/AdvancedSearch.aspx" publishTime="01/06/2006 09:15:39" />
    <file relUrl="member/Search/UC/TEAM_Online_Left_Menu.ascx.vb" publishTime="09/09/2005 12:26:50" />
    <file relUrl="member/Search/images/spacer.gif" publishTime="02/07/2005 03:42:00" />
    <file relUrl="member/includes/date.js" publishTime="03/10/2005 11:04:20" />
    <file relUrl="member/reports/annual/ServiceAwardForms.asp" publishTime="03/05/2008 11:17:08" />
    <file relUrl="Web.config" publishTime="03/01/2010 09:16:39" />
    <file relUrl="member/Search/bin/010706/OrganizationDB.pdb" publishTime="01/11/2008 14:54:50" />
    <file relUrl="member/reports/surveys/AS2007.mdb" publishTime="01/15/2008 11:19:54" />
    <file relUrl="member/reports/surveys/HOP2007_00_001.mdb" publishTime="03/27/2007 14:17:28" />
    <file relUrl="member/Search/UC/TemplateBottom.ascx" publishTime="09/09/2005 12:26:50" />
    <file relUrl="member/Search/includes/incFooter.ascx.vb" publishTime="07/20/2005 08:35:39" />
    <file relUrl="member/Search/Search_bk/AssemblyInfo.vb" publishTime="07/26/2005 15:39:56" />
    <file relUrl="member/reports/surveys/documents/hop.mdb" publishTime="02/14/2005 04:18:00" />
    <file relUrl="member/Search/Search/BackUp/Header.ascx" publishTime="09/28/2005 22:14:27" />
    <file relUrl="member/Search/images/dots_vert.gif" publishTime="02/07/2005 03:42:00" />
    <file relUrl="member/includes/utilityNav_09012009.asp" publishTime="09/01/2009 16:15:05" />
    <file relUrl="member/Search/Search_bk/SearchNew.aspx" publishTime="08/30/2005 15:13:19" />
    <file relUrl="member/Search/Report/NWOReport_Print.aspx" publishTime="01/07/2006 22:15:23" />
    <file relUrl="member/Search/images/log_bottom.gif" publishTime="07/20/2005 08:35:39" />
    <file relUrl="member/includes/calendarHdr_level2.asp" publishTime="06/01/2005 15:08:50" />
    <file relUrl="member/Search/images/vertLine.gif" publishTime="02/07/2005 03:42:00" />
    <file relUrl="member/Search/Search_bk/Backup/Search.aspx.vb" publishTime="07/20/2005 10:17:40" />
    <file relUrl="bin/NWOFactSheets.dll" publishTime="01/11/2008 14:54:52" />
    <file relUrl="member/Search/includes/tab2.ascx" publishTime="07/20/2005 08:35:40" />
    <file relUrl="member/Search/includes/memberHeader.inc" publishTime="01/05/2006 15:59:23" />
    <file relUrl="member/Search/Report_bk/10282005BeforeDBChange/NWOReport_View.aspx.vb" publishTime="09/20/2005 09:11:29" />
    <file relUrl="member/Search/images/txt_otherResources.gif" publishTime="02/07/2005 03:42:00" />
    <file relUrl="member/Search/includes/trcScripts.js" publishTime="07/20/2005 08:35:40" />
    <file relUrl="member/reports/annual/_baks/default.htm" publishTime="04/13/2005 15:36:05" />
    <file relUrl="member/Search/Search/BackUp/NWOReport.ascx" publishTime="09/20/2005 09:40:19" />
    <file relUrl="member/Search/Report_bk/NWOReport.ascx" publishTime="09/27/2006 08:52:46" />
    <file relUrl="member/Search/images/utilityNav_jobs.gif" publishTime="02/07/2005 03:42:00" />
    <file relUrl="member/reports/surveys/NWO.mdb" publishTime="04/23/2009 12:34:08" />
    <file relUrl="member/Search/Search/BackUp/NWOFactSheets.pdb" publishTime="09/27/2005 11:22:02" />
    <file relUrl="member/Search/Report/NWOReport_Print.aspx.vb" publishTime="07/20/2005 08:35:40" />
    <file relUrl="member/Search/images/log_username.gif" publishTime="07/20/2005 08:35:39" />
    <file relUrl="member/reports/surveys/HOP2007_00.mdb" publishTime="12/06/2006 12:41:37" />
    <file relUrl="member/Search/includes/utilityNav.html" publishTime="04/21/2005 15:03:16" />
    <file relUrl="member/Search/images/btn_search.gif" publishTime="07/20/2005 08:35:39" />
    <file relUrl="member/reports/surveys/documents/AS2005EXPORT.mdb" publishTime="10/05/2005 16:52:22" />
    <file relUrl="member/reports/surveys/documents/hop2007_97.mdb" publishTime="02/14/2005 04:19:00" />
    <file relUrl="member/Search/images/btn_copy.gif" publishTime="02/10/2005 06:22:00" />
    <file relUrl="member/Search/includes/incHeader.ascx" publishTime="07/20/2005 08:35:39" />
    <file relUrl="member/reports/campaign/4.asp" publishTime="12/19/2007 16:39:14" />
    <file relUrl="member/Search/images/login_bg.gif" publishTime="07/20/2005 08:35:39" />
    <file relUrl="member/Search/UC/TemplateBottom.ascx.vb" publishTime="09/09/2005 12:26:50" />
    <file relUrl="member/Search/images/bullet_arrows.gif" publishTime="02/07/2005 03:42:00" />
    <file relUrl="member/Search/Search/BackUp/SearchDB.pdb" publishTime="09/27/2005 11:11:29" />
    <file relUrl="member/Search/images/utilityNav_jobsON.gif" publishTime="02/07/2005 03:42:00" />
    <file relUrl="member/reports/surveys/AS2007EXPORT.mdb" publishTime="10/03/2007 09:53:15" />
    <file relUrl="member/Search/UC/TEAM_Online_Left_Menu.ascx" publishTime="09/09/2005 12:26:50" />
    <file relUrl="member/includes/trcScripts.js" publishTime="12/15/2004 16:55:04" />
    <file relUrl="member/Search/images/home.gif" publishTime="07/20/2005 08:35:39" />
    <file relUrl="member/Search/Report_bk/NWOReport_Print.aspx.vb" publishTime="07/20/2005 08:35:40" />
    <file relUrl="member/reports/surveys/AS2005.mdb" publishTime="01/15/2008 11:18:41" />
    <file relUrl="member/Search/images/home.jpg" publishTime="07/20/2005 08:35:39" />
    <file relUrl="member/Search/images/bullet_nav.gif" publishTime="02/07/2005 03:42:00" />
    <file relUrl="member/Search/Search/BackUp/AdvancedSearch.aspx.vb" publishTime="09/19/2005 12:16:45" />
    <file relUrl="member/includes/navInfo.asp" publishTime="02/07/2005 10:03:00" />
    <file relUrl="member/reports/surveys/AS2006.mdb" publishTime="01/15/2008 11:19:25" />
    <file relUrl="member/reports/surveys/HOP2007_00_000.mdb" publishTime="03/06/2007 16:08:38" />
    <file relUrl="member/includes/Conn4MWESQLDEVMEMBERS.inc" publishTime="02/09/2005 08:22:08" />
    <file relUrl="member/Search/UC/TEAM_Online_Footer.ascx" publishTime="09/19/2005 11:49:49" />
    <file relUrl="member/Search/images/btn_about.gif" publishTime="07/20/2005 08:35:38" />
    <file relUrl="member/reports/quarterly/documents/_baks/index.htm" publishTime="04/30/2008 15:14:08" />
    <file relUrl="member/bin/DllBackup/1-6-2010/OrganizationDB.pdb" publishTime="01/07/2006 21:32:12" />
    <file relUrl="member/Search/Report/NWOReport.ascx.vb" publishTime="07/20/2005 08:35:40" />
    <file relUrl="member/Search/UC/TemplateTop.ascx" publishTime="09/09/2005 12:26:50" />
    <file relUrl="member/Search/images/tag_bottom.gif" publishTime="07/20/2005 08:35:39" />
    <file relUrl="member/reports/surveys/NWO_Tables.mdb" publishTime="02/05/2008 12:27:58" />
    <file relUrl="member/Web.config" publishTime="11/16/2009 17:01:25" />
    <file relUrl="member/Search/images/bg.gif" publishTime="07/20/2005 08:35:38" />
    <file relUrl="member/includes/helpmenuitems.js" publishTime="04/27/2005 10:52:11" />
    <file relUrl="member/Search/UC/TemplateTop.ascx.vb" publishTime="09/09/2005 12:26:50" />
    <file relUrl="member/Search/Report_bk/NWOReport_View.aspx" publishTime="10/26/2005 13:03:33" />
    <file relUrl="member/Search/Report_bk/NWOReport.ascx.vb" publishTime="09/27/2006 08:56:54" />
    <file relUrl="member/includes/Calendar1.js" publishTime="01/18/2005 12:35:22" />
    <file relUrl="member/Search/includes/tab_bill.ascx.vb" publishTime="07/20/2005 08:35:40" />
    <file relUrl="member/includes/footer.html" publishTime="04/14/2005 15:30:26" />
    <file relUrl="member/Search/Report/NWOReport_View.aspx" publishTime="03/01/2010 11:20:22" />
    <file relUrl="member/Search/images/utilityNav_searchON.gif" publishTime="02/07/2005 03:42:00" />
    <file relUrl="member/includes/ConnSQLWEBNWISDB.inc" publishTime="12/27/2004 16:05:21" />
    <file relUrl="member/Search/bin/010706/AdvancedSearch.aspx" publishTime="01/06/2006 13:21:56" />
    <file relUrl="member/reports/surveys/documents/AS2004Export.mdb" publishTime="02/14/2005 04:17:00" />
    <file relUrl="member/Search/includes/tab.ascx.vb" publishTime="07/20/2005 08:35:40" />
    <file relUrl="member/Search/images/btn_help.GIF" publishTime="07/20/2005 08:35:38" />
    <file relUrl="member/bin/OrganizationDB.pdb" publishTime="01/11/2008 14:54:50" />
    <file relUrl="member/Search/includes/PopupWindow.js" publishTime="07/20/2005 08:35:40" />
    <file relUrl="member/Search/images/tag_top.gif" publishTime="07/20/2005 08:35:39" />
    <file relUrl="member/Search/images/calendar.gif" publishTime="12/15/2004 16:54:49" />
    <file relUrl="member/bin/NWOFactSheets.dll" publishTime="09/27/2006 08:57:01" />
    <file relUrl="member/Search/UC/Address.ascx.vb" publishTime="09/09/2005 12:26:50" />
    <file relUrl="member/reports/campaign/_baks/default.htm" publishTime="04/13/2005 15:33:05" />
    <file relUrl="member/Search/images/members_pic.gif" publishTime="04/15/2005 13:03:30" />
    <file relUrl="member/includes/TeamStyle.css" publishTime="03/08/2005 11:29:47" />
    <file relUrl="member/Search/Search_bk/Search.aspx.vb" publishTime="09/27/2005 10:50:15" />
    <file relUrl="member/Search/Styles.css" publishTime="09/16/2005 11:13:10" />
    <file relUrl="member/Search/includes/tab.ascx" publishTime="07/20/2005 08:35:40" />
    <file relUrl="member/Search/Search_bk/Styles.css" publishTime="07/26/2005 15:39:56" />
    <file relUrl="member/Search/Global.asax" publishTime="09/16/2005 11:13:09" />
    <file relUrl="member/Search/images/logo.gif" publishTime="08/30/2005 09:34:00" />
    <file relUrl="member/Search/includes/tab2.ascx.vb" publishTime="07/20/2005 08:35:40" />
    <file relUrl="member/Search/Report_bk/10282005BeforeDBChange/NWOReport_Print.aspx.vb" publishTime="07/20/2005 08:35:40" />
    <file relUrl="member/Search/images/FactsheetHome.jpg" publishTime="07/20/2005 08:35:39" />
    <file relUrl="member/Search/images/log_password.gif" publishTime="07/20/2005 08:35:39" />
    <file relUrl="member/Search/Search_bk/AdvancedSearch.aspx" publishTime="01/06/2006 13:21:56" />
    <file relUrl="member/Search/Search_bk/Backup/AdvancedSearch.aspx" publishTime="09/29/2005 10:52:27" />
    <file relUrl="member/Search/images/miscA4.gif" publishTime="07/20/2005 08:35:39" />
    <file relUrl="member/Search/images/family.jpg" publishTime="07/20/2005 08:35:39" />
    <file relUrl="member/Search/includes/leftbar.ascx" publishTime="07/20/2005 09:30:00" />
    <file relUrl="member/Search/Search_bk/bin/Search.dll" publishTime="07/26/2005 15:41:21" />
    <file relUrl="member/bin/OrganizationDB.dll" publishTime="01/11/2008 14:54:50" />
    <file relUrl="member/Search/images/navBoxUR.gif" publishTime="02/07/2005 03:42:00" />
    <file relUrl="member/reports/surveys/documents/hop2007_XP.mdb" publishTime="02/14/2005 04:19:00" />
    <file relUrl="member/Search/includes/nwostyle.css" publishTime="07/20/2005 08:35:37" />
    <file relUrl="member/Search/Search/BackUp/OrganizationDB.dll" publishTime="09/27/2005 11:11:26" />
    <file relUrl="member/reports/annual/default.asp" publishTime="04/30/2008 15:56:03" />
    <file relUrl="member/includes/index.html" publishTime="03/10/2005 10:27:54" />
    <file relUrl="member/reports/quarterly/archive.asp" publishTime="04/24/2007 11:51:36" />
    <file relUrl="member/Search/Report_bk/10282005BeforeDBChange/Web.config" publishTime="07/20/2005 08:35:40" />
    <file relUrl="member/Search/images/login.jpg" publishTime="07/20/2005 08:35:39" />
    <file relUrl="member/reports/surveys/AS2005EXPORT.mdb" publishTime="10/06/2005 15:39:10" />
    <file relUrl="member/Search/Report_bk/10282005BeforeDBChange/NWOReport.ascx.vb" publishTime="07/20/2005 08:35:40" />
    <file relUrl="member/Search/includes/footer.html" publishTime="03/01/2010 10:32:04" />
    <file relUrl="member/reports/campaign/default.asp" publishTime="12/19/2007 16:37:36" />
    <file relUrl="member/Search/Search/BackUp/AdvancedSearch.aspx" publishTime="09/29/2005 08:30:54" />
    <file relUrl="member/Search/UC/Header.ascx" publishTime="03/01/2010 11:22:22" />
    <file relUrl="member/includes/ConnSQLSERVERCDB.inc" publishTime="12/14/2004 15:37:50" />
    <file relUrl="member/Search/images/navHorzDots.gif" publishTime="02/07/2005 03:42:00" />
    <file relUrl="member/Search/includes/Header.ascx" publishTime="09/19/2005 13:24:00" />
    <file relUrl="member/Search/Report_bk/NWOReport_View.aspx.vb" publishTime="07/20/2005 08:35:40" />
    <file relUrl="member/includes/marketing.css" publishTime="10/09/2007 13:52:32" />
    <file relUrl="member/includes/calendar.js" publishTime="02/05/2005 21:53:21" />
    <file relUrl="member/Search/images/lookup_bg.gif" publishTime="07/20/2005 08:35:39" />
    <file relUrl="member/reports/surveys/documents/_baks/index.htm" publishTime="09/28/2007 12:05:31" />
    <file relUrl="member/reports/surveys/NWO_Export.mdb" publishTime="02/05/2008 12:28:06" />
    <file relUrl="member/includes/print.asp" publishTime="03/28/2005 17:18:21" />
    <file relUrl="member/Search/images/bullet.gif" publishTime="02/07/2005 03:42:00" />
    <file relUrl="member/includes/Copy of menuItems.js" publishTime="08/15/2007 09:19:36" />
    <file relUrl="member/Search/Report/Web.config" publishTime="01/11/2008 11:46:57" />
    <file relUrl="member/Search/images/headerBar.gif" publishTime="02/07/2005 03:42:00" />
    <file relUrl="member/Search/Report_bk/NWOReport_Print.aspx" publishTime="07/20/2005 08:35:40" />
    <file relUrl="member/Search/includes/navInfo.asp" publishTime="02/07/2005 10:03:00" />
    <file relUrl="member/Search/Report_bk/10282005BeforeDBChange/NWOReport_View.aspx" publishTime="09/29/2005 10:58:02" />
    <file relUrl="member/Search/UC/Address.ascx" publishTime="09/09/2005 12:26:50" />
    <file relUrl="member/Search/Search/AdvancedSearch.aspx" publishTime="03/01/2010 11:34:27" />
    <file relUrl="member/includes/AnchorPosition.js" publishTime="03/10/2005 11:04:14" />
    <file relUrl="member/Search/images/nw_logo.gif" publishTime="07/20/2005 08:35:39" />
    <file relUrl="member/Search/images/banner_membersUpdate.gif" publishTime="08/30/2005 09:59:00" />
    <file relUrl="member/Search/includes/incHeader.ascx.vb" publishTime="07/20/2005 08:35:39" />
    <file relUrl="member/Search/images/btn_close.gif" publishTime="02/12/2005 12:39:00" />
    <file relUrl="member/Search/images/navBoxUL.gif" publishTime="02/07/2005 03:42:00" />
    <file relUrl="member/bin/NWOFactSheets.pdb" publishTime="01/07/2006 21:32:25" />
    <file relUrl="member/Search/images/heading_thisWeek.gif" publishTime="02/07/2005 03:42:00" />
    <file relUrl="member/Search/includes/AnchorPosition.js" publishTime="07/20/2005 08:35:39" />
    <file relUrl="member/reports/campaign/3.asp" publishTime="06/07/2005 15:05:00" />
    <file relUrl="member/bin/DllBackup/1-7-2006/OrganizationDB.pdb" publishTime="01/07/2006 21:32:12" />
    <file relUrl="member/Search/images/hdr_NWOFS.JPG" publishTime="07/20/2005 08:35:39" />
    <file relUrl="member/Search/images/nchec.jpg" publishTime="02/07/2005 03:42:00" />
    <file relUrl="member/Search/includes/LeftMenu.ascx.vb" publishTime="09/16/2005 12:23:05" />
    <file relUrl="member/Search/images/utilityNav_logoutON.gif" publishTime="02/07/2005 03:42:00" />
    <file relUrl="member/Search/includes/Footer.ascx.vb" publishTime="09/16/2005 12:23:05" />
  </publishTarget>
  <publishTarget publishUrl="\\wdciis16d\MemberSearch\" />
</publishData>